rating_id,user_id,product_id,store_id,rating,review
0,740,111,460,0,Benefit phone anything sort page generation.
1,740,323,293,5,Site factor check certain.
2,157,111,460,3,Land company bad mention hotel task.
3,760,111,460,3,Decide positive watch always leg.
4,328,111,460,2,Difficult as behind blue establish item already back.
5,328,323,293,1,Heart bar your both social.
6,213,111,460,5,Important fill it during the.
7,801,111,460,3,Include still method something test either.
8,801,323,293,1,Piece hold build hit member.
9,801,582,170,1,Onto example tax hard describe effort.
10,765,111,460,1,Sister almost item movement push contain firm argue.
11,765,323,293,1,Theory opportunity tough within candidate officer.
12,261,111,460,3,Fund car design never.
13,143,111,460,4,Avoid time arrive oil say big radio.
14,896,111,460,1,The officer draw sing fight agree.
15,896,323,293,5,Exist single plan consumer election.
16,25,111,460,0,Support describe place professional particular.
17,25,323,293,4,Change color follow system respond game keep.
18,421,111,460,4,That through set trade.
19,421,323,293,5,Recognize threat purpose everything wife similar.
20,421,582,170,5,Give the truth consider industry free.
21,824,111,460,5,Performance sister break play well follow.
22,824,323,293,3,Condition example leader whose positive radio sort.
23,824,582,170,5,City fish notice true car admit.
24,179,111,460,2,Administration help painting actually.
25,973,111,460,2,A if describe she impact scene accept.
26,841,111,460,1,Our hand order rather.
27,841,323,293,0,Man college shake appear rather positive.
28,841,582,170,0,Billion style conference.
29,989,111,460,2,Control series main seat.
30,989,323,293,1,Learn down nation.
31,989,582,170,1,Sea couple move threat catch government and.
32,71,111,460,3,Major strategy skill guy game personal make.
33,71,323,293,0,Look friend news race if old.
34,71,582,170,4,Matter among green American.
35,655,111,460,4,Serious TV old alone teacher day.
36,827,111,460,2,Home its process describe.
37,827,323,293,4,Doctor thing country develop tough travel speech.
38,981,111,460,0,Find their company thing team.
39,981,323,293,0,Term although leave.
40,981,582,170,5,Scene develop such business beautiful hospital single.
41,982,111,460,5,Consider environmental security impact big ago spring.
42,581,111,460,4,Word information south forward yeah century fire.
43,581,323,293,0,Shake meeting heavy require executive record market.
44,581,582,170,2,Eight which want away she crime word.
45,729,111,460,2,May common especially on money.
46,729,323,293,1,Officer nice may coach.
47,729,582,170,1,Detail share other full represent stay will.
48,162,111,460,3,Knowledge food couple food become.
49,162,323,293,2,Interest century responsibility city easy.
50,162,582,170,3,Staff first attorney crime.
51,922,111,460,3,Eight increase way onto.
52,993,111,460,4,Final interesting take specific adult all.
53,452,111,460,0,Would card everyone major.
54,452,323,293,4,Second decade eye country Congress bag hair.
55,452,582,170,1,Eye minute traditional rate court per.
56,210,111,460,5,Always another still option these find address parent.
57,210,323,293,5,Hundred true all across manager individual power.
58,210,582,170,4,Field computer mind street.
59,692,111,460,5,Treatment she among around final onto organization.
60,692,323,293,2,Charge everyone change true factor describe.
61,692,582,170,1,Maintain evidence really so trouble respond.
62,813,111,460,5,Positive final travel last together board Republican.
63,813,323,293,4,Study eat respond value wait investment.
64,813,582,170,1,Crime indicate recognize product executive ability.
65,695,111,460,4,Wait cost unit wind moment.
66,874,111,460,3,New raise argue letter perhaps increase certain.
67,874,323,293,2,Choose southern miss professional.
68,366,111,460,3,Animal east high entire.
69,366,323,293,2,Class we receive since.
70,16,111,460,2,Loss western let at course.
71,16,323,293,4,Brother head power.
72,16,582,170,2,Training themselves decade until article do.
73,690,111,460,2,No agent war couple like place.
74,828,111,460,4,Team thousand hear laugh listen.
75,828,323,293,0,It space also measure fact child.
76,828,582,170,1,Truth card pay own computer.
77,149,111,460,2,Like discover number Mr west director because.
78,149,323,293,4,Wind religious would remain eat.
79,149,582,170,2,Part knowledge present involve character.
80,449,111,460,4,Situation left tonight space character.
81,449,323,293,1,Others star set guy pretty argue.
82,449,582,170,1,Soldier institution low.
83,138,111,460,1,Little important light young east bring.
84,138,323,293,3,Require represent fine whether blood society.
85,138,582,170,0,Call the serve.
86,865,111,460,2,I bed machine look attack activity past.
87,196,111,460,1,It mission nature commercial type occur.
88,196,323,293,0,Analysis its between ok far join themselves.
89,196,582,170,3,Page television project just.
90,974,111,460,5,Particularly man defense Mr.
91,974,323,293,0,Bill meeting any inside chance start you.
92,974,582,170,3,Safe bed ground.
93,406,111,460,2,North hold down record father.
94,77,111,460,5,Whose under pass price for.
95,163,111,460,3,Face final commercial form.
96,163,323,293,3,Poor issue friend various.
97,163,582,170,0,Price ahead term certain.
98,14,111,460,3,Four order more edge back various.
99,28,111,460,5,By arm agree realize keep sing.
100,836,111,460,3,Choice cultural ahead.
101,49,111,460,0,Yourself month room stop.
102,49,323,293,5,Soldier kind four might maintain.
103,156,111,460,1,Radio in four receive.
104,156,323,293,4,President nice task certain end would perform option.
105,386,111,460,4,Language can positive.
106,386,323,293,1,College media similar begin area should win.
107,386,582,170,0,Key outside seem human meet add bank.
108,273,111,460,0,Certainly movement information idea memory style.
109,273,323,293,0,Their TV read its this.
110,273,582,170,5,Listen everybody record car right suffer you.
111,829,111,460,0,Prevent kind record low.
112,829,323,293,0,Top third son price.
113,420,111,460,3,East yard none financial camera environmental majority.
114,121,111,460,4,Current imagine environment concern five.
115,121,323,293,2,Address popular left space like win door.
116,310,111,460,1,Produce attention yard care somebody.
117,310,323,293,1,Friend break matter shoulder million with wait.
118,41,111,460,5,Gas reach management about half full everyone.
119,441,111,460,5,Know nearly piece organization.
120,441,323,293,3,Like radio throw until article close might.
121,441,582,170,0,Site hospital outside account power.
122,165,111,460,5,Entire agent realize interest phone myself.
123,165,323,293,1,Hope low add whether hot know.
124,165,582,170,4,Or bar necessary.
125,988,111,460,5,Under late thank week prepare old cell financial.
126,988,323,293,0,Respond image fast politics.
127,988,582,170,4,No kid wife those check.
128,540,111,460,2,Fall water health news.
129,540,323,293,3,Meeting throughout camera prove instead plan simply.
130,673,111,460,5,Happy government minute sign science address.
131,673,323,293,2,Realize establish a gun reduce prepare whether expert.
132,673,582,170,0,Them power try picture performance kind account.
133,970,111,460,3,Pull finish real position public radio season.
134,970,323,293,5,Off least check performance picture modern.
135,169,111,460,2,Expert choose fear how huge.
136,169,323,293,3,Woman follow over source out.
137,169,582,170,5,Record article song make increase specific.
138,87,111,460,4,Operation well during game.
139,87,323,293,0,Occur know work however.
140,87,582,170,4,Left seem special walk race what drug.
141,901,111,460,0,Moment interest behavior outside wide attack increase interest.
142,901,323,293,4,By full prepare budget their pay letter talk.
143,901,582,170,4,Face believe cell such.
144,108,111,460,0,Beat TV wife adult home identify.
145,108,323,293,3,Respond above let sport day.
146,108,582,170,2,About bill deal.
147,498,111,460,0,Growth many nothing bank.
148,498,323,293,5,Feel military order.
149,798,111,460,0,Believe cold statement news other guy.
150,721,111,460,0,Reflect north market.
151,721,323,293,4,Leg term sometimes his item international.
152,703,111,460,2,Including cold magazine perform head bag.
153,703,323,293,5,Crime possible occur trade price.
154,576,111,460,4,Support girl crime allow travel.
155,576,323,293,0,Against natural front.
156,576,582,170,5,Under various discover force wide foreign decision.
157,606,111,460,5,Their approach somebody Mr.
158,606,323,293,2,Number thing imagine.
159,657,111,460,4,Water likely PM thought and become design.
160,657,323,293,3,Deep old customer.
161,629,111,460,5,Maintain win peace act keep rich spring ground.
162,553,111,460,1,Forward difficult hope relationship.
163,553,323,293,3,Product without exist final watch official design.
164,148,111,460,0,Evidence sing surface writer.
165,905,111,460,2,Fall letter employee film large what name hope.
166,905,323,293,1,Exactly east American decade campaign officer.
167,980,111,460,0,Blood land room thank decide.
168,980,323,293,1,Style inside run surface century.
169,980,582,170,0,Relationship book cup tell never guess read.
170,327,111,460,3,Establish job major lose war.
171,327,323,293,5,Big find meet her recent late.
172,327,582,170,4,Decision hit education tough which.
173,175,111,460,4,Spring song listen you.
174,175,323,293,2,Skin lawyer enough entire office age green.
175,175,582,170,3,Minute read modern any add push us.
176,962,111,460,0,Key may whatever impact already religious customer.
177,962,323,293,5,Ground fire position seek political behavior.
178,962,582,170,2,Little office themselves begin beautiful again.
179,365,111,460,1,Marriage pull others participant wrong now.
180,365,323,293,0,Stage magazine hotel window.
181,666,111,460,1,Particular name think include act.
182,666,323,293,0,Of you success foreign.
183,188,111,460,0,Pull opportunity toward road adult indicate piece ability.
184,384,111,460,1,Magazine Democrat face nothing production while.
185,834,111,460,1,Rather growth fact author few.
186,643,111,460,0,Show generation pass career idea control.
187,643,323,293,4,Require than condition tough.
188,577,111,460,3,Painting big right professional car.
189,775,111,460,4,Theory look center.
190,775,323,293,4,Finish quickly ten.
191,945,111,460,5,Affect lot soon become.
192,945,323,293,4,Part along serious huge laugh.
193,945,582,170,5,Side record expert.
194,902,111,460,0,Upon indicate card building kid matter indicate will.
195,902,323,293,5,Some son particularly recently yes thing increase.
196,902,582,170,4,Camera building up anyone.
197,675,111,460,3,Save during baby offer entire politics radio.
198,675,323,293,4,Process senior president hospital stop better final.
199,675,582,170,3,Available less education every strategy.
200,863,111,460,1,Couple American activity prevent whose.
201,713,111,460,4,Wife road analysis son.
202,713,323,293,1,Marriage analysis when inside scientist.
203,713,582,170,1,Take interview range fish debate.
204,182,111,460,0,Then method if.
205,182,323,293,0,Generation trial possible same instead allow.
206,161,111,460,1,Feeling friend box opportunity.
207,161,323,293,0,All close especially reflect set remain.
208,161,582,170,1,Else American technology letter product national if.
209,871,111,460,5,Scene improve within bring list activity affect big.
210,871,323,293,0,Nice season hand return truth.
211,871,582,170,5,Leg actually which available.
212,37,111,460,0,Music maintain center how enough.
213,519,111,460,2,Push air one though along product president perhaps.
214,519,323,293,3,Actually land laugh.
215,780,111,460,3,Kid during could southern particular newspaper growth.
216,46,111,460,2,Hit trade animal pick but wear.
217,667,111,460,1,Question education realize none.
218,667,323,293,1,The give not military she center.
219,667,582,170,2,Eight realize music magazine offer kind present.
220,689,111,460,4,Experience industry art character myself wife.
221,689,323,293,4,Matter sort spring necessary toward.
222,123,111,460,2,Cultural computer change arm.
223,123,323,293,0,Threat order establish piece together how.
224,123,582,170,3,Bad behavior with through.
225,625,111,460,5,Live each fill force black both.
226,625,323,293,1,Give color whatever road air hotel.
227,484,111,460,2,Executive very production career close.
228,688,111,460,4,Thousand rate figure building positive expect.
229,688,323,293,3,Team next which network.
230,688,582,170,0,He focus west feel prove environmental office.
231,274,111,460,2,Into see road contain toward.
232,274,323,293,4,Main involve property program popular environmental.
233,283,111,460,2,Concern great kid evidence finish company.
234,845,111,460,1,Style three behind skill direction best.
235,693,111,460,3,Rather step less present bill spend.
236,58,111,460,2,Him under cultural property strong.
237,925,111,460,2,Certain more traditional federal help recently some.
238,925,323,293,5,Politics no yet table usually ago market.
239,582,111,460,0,Idea foot avoid us dinner cup alone.
240,582,323,293,1,Free page past involve.
241,516,111,460,4,Serve affect point give myself American.
242,516,323,293,4,Mrs once also president serious product matter among.
243,496,111,460,5,Law machine voice spring figure.
244,496,323,293,1,Tree left new animal.
245,242,111,460,4,Last case piece brother today support rich.
246,242,323,293,2,Edge town free step.
247,96,111,460,1,Least pay without second film might from.
248,96,323,293,1,Beautiful successful our during answer trade.
249,470,111,460,1,Open open ago.
250,470,323,293,2,Or single hear water participant.
251,470,582,170,3,Exist purpose why realize man play.
252,372,111,460,1,That environmental already goal nothing system.
253,660,111,460,3,Paper later hot reason feel rise perhaps analysis.
254,660,323,293,4,Study society page whatever key.
255,660,582,170,0,Tell less center lead continue.
256,325,111,460,1,One tell hand six recent tend goal.
257,325,323,293,4,Series election century energy structure tend.
258,325,582,170,0,Performance listen other trouble.
259,488,111,460,3,Big Mrs radio popular give.
260,482,111,460,0,Force support song.
261,482,323,293,4,Draw class view should world.
262,482,582,170,2,Rate participant market newspaper word teacher group.
263,839,111,460,3,Hope provide more course behind.
264,839,323,293,1,Study dark TV institution simply.
265,839,582,170,2,Low husband again edge south find.
266,440,111,460,5,After want difficult process their.
267,440,323,293,5,Pull those partner day study.
268,265,111,460,4,Rather finish break ask back cost.
269,265,323,293,5,Ahead science black up good.
270,685,111,460,0,Yes wind drive mention artist.
271,685,323,293,5,I choice remain case picture.
272,685,582,170,1,American again name.
273,73,111,460,2,Hour course thing prepare factor but police.
274,73,323,293,2,Start rule team arrive well music.
275,73,582,170,5,Range sport bed radio leader nation.
276,234,111,460,1,Some different attention measure year peace government.
277,234,323,293,2,Poor director behavior media man note.
278,234,582,170,1,Keep guess billion bad.
279,941,111,460,1,Test reality I others bank same view.
280,567,111,460,5,Money region money sister it treat image lead.
281,567,323,293,3,Among rule word cover effort.
282,291,111,460,2,Ago give play allow make form phone.
283,291,323,293,3,Pull old quality appear.
284,291,582,170,3,Behavior clearly often break above shake building.
285,126,111,460,1,Air church bad easy.
286,126,323,293,4,Student news body nothing body relationship shake.
287,126,582,170,2,Laugh day protect.
288,419,111,460,2,Establish week coach worker administration only probably.
289,419,323,293,3,Experience coach theory possible past piece investment.
290,419,582,170,3,Spring concern check this.
291,52,111,460,2,Student course company travel drive great account cup.
292,52,323,293,2,Audience quite charge.
293,40,111,460,5,Act training beyond ground visit house may.
294,40,323,293,4,Lay good name.
295,547,111,460,4,Note experience another also.
296,547,323,293,0,About guess yet price friend long record.
297,547,582,170,0,Most painting should skin range first only.
298,141,111,460,3,Reflect large necessary.
299,448,111,460,0,All game camera fish.
300,448,323,293,4,Effort head yourself activity term owner education.
301,966,111,460,2,Him address memory mother.
302,198,111,460,3,A policy push state.
303,198,323,293,1,Fast event country analysis writer room off.
304,198,582,170,4,Generation tax head himself.
305,527,111,460,2,All artist bar create chance assume lot despite.
306,527,323,293,3,Nothing sense professional behind any.
307,549,111,460,3,Floor art develop attention.
308,51,111,460,2,Matter score talk my.
309,51,323,293,4,Three attorney region piece once.
310,51,582,170,3,School put local.
311,473,111,460,5,Health doctor exist and huge.
312,539,111,460,5,Rather food court watch hospital case.
313,854,111,460,5,Simply consumer agreement keep tend customer week act.
314,19,111,460,2,Wrong country color husband.
315,240,111,460,2,Drug probably usually parent day key leave.
316,107,111,460,1,Everyone growth on week material if.
317,107,323,293,1,Either guess member bit notice before standard.
318,38,111,460,0,Enjoy pattern house rather arrive production hold clear.
319,38,323,293,2,Establish industry hundred rather look against attorney hand.
320,923,111,460,3,View camera like agency.
321,730,111,460,1,Machine camera man nearly size.
322,730,323,293,5,Each paper four middle everyone attorney then.
323,17,111,460,1,Project sometimes weight big international.
324,17,323,293,1,Church appear know teach dream little recognize have.
325,17,582,170,4,Young adult health share.
326,467,111,460,3,Wide just rich worker.
327,467,323,293,0,Month possible opportunity management.
328,823,111,460,0,Cold attorney history them.
329,823,323,293,5,Figure manager require arrive help personal have.
330,133,111,460,1,Couple accept area.
331,228,111,460,1,Go by ball without close remain property.
332,228,323,293,4,Early control spend than glass if.
333,658,111,460,2,Kid likely worker stock room rise.
334,658,323,293,2,Positive specific white than term.
335,853,111,460,2,Event discover leader billion.
336,853,323,293,2,Development run result eight though capital bed.
337,70,111,460,5,Notice professional play month.
338,870,111,460,0,Mr author PM husband tree return exactly performance.
339,870,323,293,2,Never college employee get budget feeling.
340,880,111,460,0,Check analysis front build road learn grow.
341,880,323,293,0,Husband open already hundred push return.
342,61,111,460,4,Leg somebody skin.
343,61,323,293,2,Game help woman system church treatment ever.
344,61,582,170,0,Top strong school scientist note suddenly measure.
345,22,111,460,3,Admit despite a hard do challenge shoulder agency.
346,22,323,293,3,Property night professional dream my trouble method by.
347,903,111,460,3,Certainly memory few about.
348,903,323,293,5,Allow charge safe leader.
349,218,111,460,0,Popular present direction other lawyer air.
350,218,323,293,1,Federal our policy night responsibility.
351,81,111,460,4,Decade establish environmental option sound physical many.
352,81,323,293,2,Might peace term fight would.
353,332,111,460,4,Result in pay trip seek student.
354,332,323,293,3,Whatever determine box appear.
355,332,582,170,3,Something do name.
356,928,111,460,1,Series development give candidate teach though.
357,928,323,293,5,Wall growth floor better traditional.
358,928,582,170,4,Concern billion degree service guy much note.
359,247,111,460,0,Own official star station business.
360,237,111,460,3,Agent window present song somebody.
361,237,323,293,2,Trouble person service campaign.
362,371,111,460,0,College Republican also growth.
363,371,323,293,3,Student brother goal bag camera it box.
364,759,111,460,1,Future soldier work involve outside.
365,759,323,293,1,Owner join simply address two heart store.
366,759,582,170,0,Agree trouble charge system current tell pattern.
367,385,111,460,1,Sound between his very understand behavior.
368,385,323,293,3,Right very put evening heart.
369,301,111,460,4,Soldier task training short role street brother fund.
370,752,111,460,2,Light behind environment guy eat reality sometimes.
371,752,323,293,1,Game type reach although assume.
372,752,582,170,4,Fly while data actually.
373,768,111,460,4,Street play generation event.
374,768,323,293,1,Baby hundred care ten.
375,424,111,460,5,Continue appear senior realize.
376,424,323,293,1,Movie threat result able significant hope write.
377,424,582,170,5,Item either country reality office throughout their relationship.
378,822,111,460,0,Institution only Democrat best carry media resource.
379,822,323,293,4,Old relationship or foot American reveal yourself security.
380,822,582,170,2,Every radio class face campaign fill.
381,573,111,460,0,War never growth once career lot spring.
382,573,323,293,5,Hit lose still live along heart difficult.
383,573,582,170,0,Six similar particularly garden.
384,887,111,460,0,Fight behind much marriage author process eat.
385,887,323,293,4,Decade yet occur kind election.
386,887,582,170,1,Clearly about until much however dog color best.
387,295,111,460,1,Positive pay hand task economic which realize she.
388,295,323,293,1,Rich about security prevent.
389,805,111,460,4,Case capital nice your.
390,142,111,460,2,South than share market owner.
391,450,111,460,1,Floor until pass listen structure possible.
392,354,111,460,4,Majority huge newspaper by matter.
393,354,323,293,2,Weight but worker single.
394,354,582,170,0,Police foot simple several.
395,987,111,460,2,Not exist various thought try.
396,987,323,293,5,So fund think adult offer life.
397,762,111,460,3,Vote any station lead science large.
398,832,111,460,1,Wide part project small check should.
399,832,323,293,4,Per friend something practice.
400,832,582,170,0,Time spend ago mean kitchen.
401,568,111,460,0,Mean seek remain word such reason.
402,568,323,293,2,Surface prove friend fast tough charge.
403,219,111,460,3,Professional month upon least arrive drug lot.
404,219,323,293,4,Season action lead address.
405,219,582,170,1,Partner once share knowledge bar.
406,517,111,460,4,Buy brother relationship bit raise.
407,517,323,293,4,Several number truth money but.
408,517,582,170,0,Information operation yourself become together what.
409,303,111,460,2,Account there later later president capital product avoid.
410,303,323,293,3,Recent style history maintain politics red.
411,303,582,170,2,Green lot evidence large statement.
412,194,111,460,2,Issue this laugh them throughout wait.
413,194,323,293,4,Down with also old everyone low letter.
414,323,111,460,3,Especially behind nation Congress fire.
415,750,111,460,2,Really past herself upon establish.
416,750,323,293,3,Politics increase them.
417,750,582,170,3,Military response anything maintain.
